Quarter,Net Income (M USD)
2018-Q1,77.0
2018-Q2,79.2
2018-Q3,82.5
2018-Q4,95.7
2019-Q1,108.9
2019-Q2,115.50000000000001
2019-Q3,121.00000000000001
2019-Q4,137.5
2020-Q1,105.60000000000001
2020-Q2,528.0
